,product,started,closed,winner,price
0,Apple Watch Series,2021-12-31 07:00:00,2021-12-31 12:34:23,jalney1000,"R$ 31,59"
1,Caixa de Som,2021-12-31 11:00:00,2021-12-31 12:34:20,OscarRody,"R$ 12,20"
2,Pacote 100 Lances,2021-12-31 12:00:00,2021-12-31 12:01:18,Hermes28,"R$ 0,38"
3,IPhone 13 Pro,2021-12-31 10:00:00,2021-12-31 10:25:22,samba13,"R$ 3,75"
4,Smart TV 75,2021-12-30 20:00:00,2021-12-31 10:00:11,Adlerr,"R$ 77,86"
5,Pacote 50 Lances,2021-12-31 09:00:00,2021-12-31 09:02:07,Evertinosp,"R$ 0,54"
6,PIX de 1.000,2021-12-31 08:00:00,2021-12-31 08:29:57,walmarques,"R$ 5,44"
7,IPhone 13 Pro,2021-12-30 10:00:00,2021-12-31 06:50:28,email,"R$ 160,56"
8,Smart TV LED,2021-12-30 14:00:00,2021-12-31 06:43:40,vem2022,"R$ 106,84"
9,Pacote 50 Lances,2021-12-31 06:00:00,2021-12-31 06:02:43,Adosantospei,"R$ 1,26"
10,Maquina De Gelo,2021-12-30 20:30:00,2021-12-31 00:12:52,cadumusic,"R$ 20,03"
11,Pacote 100 Lances,2021-12-30 23:00:00,2021-12-30 23:41:04,micdandee,"R$ 5,16"
12,MacBook Air Intel,2021-12-30 22:00:00,2021-12-30 23:20:54,PIERO MARCON,"R$ 11,03"
13,PIX de 500,2021-12-30 19:30:00,2021-12-30 22:27:43,mimdepapai.,"R$ 18,77"
14,Pacote 100 Lances,2021-12-30 21:00:00,2021-12-30 21:59:25,sagui,"R$ 6,77"
15,Notebook Dell Core,2021-12-30 19:00:00,2021-12-30 20:37:26,email,"R$ 13,08"
16,Honda CG 160,2021-12-30 16:00:00,2021-12-30 18:38:39,arleimiguel13,"R$ 18,57"
17,Pacote 50 Lances,2021-12-30 18:00:00,2021-12-30 18:05:55,anesia,"R$ 1,41"
18,Whisky Royal Salute,2021-12-30 17:00:00,2021-12-30 17:35:00,catenacci,"R$ 3,72"
19,Pacote 50 Lances,2021-12-30 15:00:00,2021-12-30 16:13:12,Russolan,"R$ 10,12"
20,5 Polegadas Vermelho,2021-12-30 13:00:00,2021-12-30 15:41:02,Ritinhaa,"R$ 16,12"
21,Apple Watch Series,2021-12-30 11:00:00,2021-12-30 14:44:18,email,"R$ 23,66"
22,Cama Box Colch,2021-12-30 07:00:00,2021-12-30 14:13:57,R.E.N.A.T.O,"R$ 40,84"
23,PIX de 1.000,2021-12-30 08:00:00,2021-12-30 12:38:04,esse é meu sim,"R$ 32,46"
24,Pacote 100 Lances,2021-12-30 12:00:00,2021-12-30 12:05:47,Kamila Gomes,"R$ 1,41"
25,Pacote 50 Lances,2021-12-30 09:00:00,2021-12-30 09:01:53,igoralvess99,"R$ 0,52"
26,A Intel Core,2021-12-29 22:00:00,2021-12-30 07:37:27,EmersonSoriani,"R$ 69,40"
27,Pacote 50 Lances,2021-12-30 06:00:00,2021-12-30 06:15:58,felipesp23,"R$ 2,24"
28,Câmera Insta360 One,2021-12-29 07:00:00,2021-12-30 03:57:36,perini.pedro,"R$ 106,63"
29,Patinete Elétrico Foston,2021-12-29 20:30:00,2021-12-29 23:45:44,andréluissabagg,"R$ 18,72"
30,Pacote 100 Lances,2021-12-29 23:00:00,2021-12-29 23:08:21,De_Paul,"R$ 2,04"
31,Refrigerador Brastemp Frost,2021-12-29 19:00:00,2021-12-29 22:17:53,Marcelo Figueiró,"R$ 25,33"
32,Pacote 100 Lances,2021-12-29 21:00:00,2021-12-29 21:13:52,Dubai...,"R$ 1,95"
33,5 Digital Edition,2021-12-29 20:00:00,2021-12-29 21:05:56,sidmarques,"R$ 9,72"
34,PIX de 200,2021-12-29 19:30:00,2021-12-29 20:25:42,Tianopvh,"R$ 8,67"
35,Caixa de Som,2021-12-29 17:00:00,2021-12-29 18:39:33,Lance.do.Cidão,"R$ 11,52"
36,Pacote 50 Lances,2021-12-29 18:00:00,2021-12-29 18:27:30,ryannmoura03,"R$ 3,86"
37,iPad Air 10,2021-12-29 16:00:00,2021-12-29 17:18:08,RobertDaikan,"R$ 10,97"
38,IPhone 13 Pro,2021-12-29 10:00:00,2021-12-29 16:11:49,Zamboni_Marcos,"R$ 51,26"
39,GoPro HERO 9,2021-12-29 14:00:00,2021-12-29 16:05:31,será?,"R$ 13,68"
40,Pacote 50 Lances,2021-12-29 15:00:00,2021-12-29 15:08:47,email,"R$ 1,89"
41,PIX de 1.000,2021-12-29 13:00:00,2021-12-29 13:41:02,email,"R$ 7,10"
42,Pacote 100 Lances,2021-12-29 12:00:00,2021-12-29 13:38:53,Tita Gato,"R$ 12,97"
43,Apple Watch Series,2021-12-29 11:00:00,2021-12-29 11:02:33,RICAMIL,"R$ 1,31"
44,Pacote 50 Lances,2021-12-29 09:00:00,2021-12-29 09:36:40,alexandre.bogado,"R$ 4,85"
45,Smart TV Led,2021-12-29 08:00:00,2021-12-29 08:17:49,Ricardokaser,"R$ 3,44"
46,Pacote 50 Lances,2021-12-29 06:00:00,2021-12-29 06:02:47,Helbert Iran,"R$ 1,29"
47,Smart TV 4K,2021-12-28 20:00:00,2021-12-29 05:42:40,@caiomanfredinni,"R$ 75,46"
48,MacBook Air Intel,2021-12-28 22:00:00,2021-12-29 01:03:33,Clauberth1,"R$ 23,53"
49,Pacote 100 Lances,2021-12-28 23:00:00,2021-12-28 23:06:47,LucasDFB,"R$ 1,86"
50,Pacote 100 Lances,2021-12-28 21:00:00,2021-12-28 21:37:42,levinovalmir,"R$ 5,45"
51,iPad Air 10,2021-12-28 20:30:00,2021-12-28 21:08:56,falcon123,"R$ 4,57"
52,Cervejeira Metalfrio VN50FL,2021-12-28 17:00:00,2021-12-28 20:57:44,NECO9,"R$ 22,60"
53,Patinete Elétrico Foston,2021-12-28 13:00:00,2021-12-28 20:23:12,GiLANCE,"R$ 46,92"
54,Cadeira de escrit,2021-12-28 19:30:00,2021-12-28 19:55:25,Cícero Costa,"R$ 3,23"
55,Apple Watch Series,2021-12-28 19:00:00,2021-12-28 19:34:07,milaschecin,"R$ 4,52"
56,A Intel Core,2021-12-27 22:00:00,2021-12-28 19:14:26,Zanatti,"R$ 141,14"
57,Pacote 50 Lances,2021-12-28 18:00:00,2021-12-28 18:14:09,daianebraga24,"R$ 2,32"
58,Samsung Galaxy S20,2021-12-28 16:00:00,2021-12-28 17:46:07,Jairo_Marsil,"R$ 16,71"
59,Pacote 50 Lances,2021-12-28 15:00:00,2021-12-28 15:07:55,email,"R$ 1,71"
60,Mochila Nike Sportswear,2021-12-28 14:00:00,2021-12-28 14:42:39,objetivo,"R$ 5,50"
61,Chaise Hungria Trama,2021-12-28 08:00:00,2021-12-28 14:11:32,EDU_VOGT,"R$ 43,11"
62,IPhone 13 Pro,2021-12-27 10:00:00,2021-12-28 13:39:35,márcioonofre81,"R$ 187,03"
63,Caixa de Som,2021-12-28 07:00:00,2021-12-28 12:36:27,liziero,"R$ 36,49"
64,Pacote 100 Lances,2021-12-28 12:00:00,2021-12-28 12:20:13,lidicx,"R$ 3,52"
65,Esteira Ergométrica El,2021-12-28 11:00:00,2021-12-28 11:37:54,Maccheri,"R$ 4,51"
66,IPhone 13 Pro,2021-12-28 10:00:00,2021-12-28 11:13:53,naka_chao,"R$ 10,64"
67,Pacote 50 Lances,2021-12-28 09:00:00,2021-12-28 09:00:15,email,"R$ 0,53"
68,Pacote 50 Lances,2021-12-28 06:00:00,2021-12-28 06:11:39,Kallau,"R$ 2,18"
69,Lava E Seca,2021-12-27 19:00:00,2021-12-28 01:36:43,LehBarbieri,"R$ 43,05"
70,5 Digital Edition,2021-12-27 16:00:00,2021-12-28 00:26:54,K.I.W.A.2000,"R$ 58,11"
71,Pacote 100 Lances,2021-12-27 23:00:00,2021-12-27 23:46:14,lucas.seravali,"R$ 5,19"
72,Patinete Elétrico Maj,2021-12-27 20:00:00,2021-12-27 23:28:38,veloso.p,"R$ 22,16"
73,Pacote 100 Lances,2021-12-27 21:00:00,2021-12-27 22:20:21,Viacph,"R$ 10,47"
74,Smart TV LED,2021-12-27 20:30:00,2021-12-27 22:02:45,RCJardins,"R$ 11,72"
75,Liquidificador Philips Walita,2021-12-27 19:30:00,2021-12-27 19:55:06,Vaza_Mané,"R$ 2,89"
76,Pacote 50 Lances,2021-12-27 18:00:00,2021-12-27 18:55:33,Rosival74,"R$ 8,45"
77,Câmera Insta360 One,2021-12-27 11:00:00,2021-12-27 17:58:56,tedescojonas,"R$ 41,73"
78,Refrigerador Brastemp Frost,2021-12-27 17:00:00,2021-12-27 17:19:07,Baratelli,"R$ 5,92"
79,Monitor LG LED,2021-12-27 14:00:00,2021-12-27 16:17:00,pedrogalvan,"R$ 12,40"
80,Drone Multilaser Eagle,2021-12-27 13:00:00,2021-12-27 15:53:20,m.piovezani,"R$ 17,88"
81,Pacote 50 Lances,2021-12-27 15:00:00,2021-12-27 15:25:18,Pacuzin12,"R$ 4,41"
82,Pacote 100 Lances,2021-12-27 12:00:00,2021-12-27 12:07:16,hugonsc,"R$ 2,02"
83,5 Polegadas Vermelho,2021-12-27 08:00:00,2021-12-27 09:35:48,perini.pedro,"R$ 9,40"
84,Pacote 50 Lances,2021-12-27 09:00:00,2021-12-27 09:06:51,RAMON233,"R$ 0,74"
85,Bicicleta Aro 29,2021-12-27 07:00:00,2021-12-27 07:24:39,NEM-TENTA,"R$ 3,04"
86,Pacote 50 Lances,2021-12-27 06:00:00,2021-12-27 06:30:34,HeiToR23,"R$ 3,37"
87,MacBook Air Intel,2021-12-26 22:00:00,2021-12-27 04:50:54,R.E.N.A.T.O,"R$ 46,51"
88,IPhone 13 Pro,2021-12-26 10:00:00,2021-12-27 00:44:50,email,"R$ 97,55"
89,Pacote 100 Lances,2021-12-26 23:00:00,2021-12-26 23:13:05,Bianca.bbt,"R$ 1,93"
90,Notebook Dell Core,2021-12-26 17:00:00,2021-12-26 22:37:32,avelinaalves,"R$ 34,05"
91,Lava E Seca,2021-12-26 13:00:00,2021-12-26 22:33:10,dilsinMG,"R$ 56,32"
92,Pacote 100 Lances,2021-12-26 21:00:00,2021-12-26 21:51:39,TOC,"R$ 6,17"
93,Chaise Hungria Trama,2021-12-26 20:30:00,2021-12-26 21:27:11,walmarques,"R$ 6,04"
94,Bicicleta Aro 29,2021-12-26 19:30:00,2021-12-26 21:02:27,Monje,"R$ 10,48"
95,Smart TV 75,2021-12-26 20:00:00,2021-12-26 20:34:14,Deila_Costa_EUA,"R$ 7,47"
96,PIX de 1.000,2021-12-26 08:00:00,2021-12-26 20:04:47,Pipo Zadi,"R$ 78,38"
97,Drone Multilaser Eagle,2021-12-26 19:00:00,2021-12-26 19:19:31,jessicam.victoria.mg,"R$ 3,66"
98,Pacote 50 Lances,2021-12-26 18:00:00,2021-12-26 18:07:59,email,"R$ 1,67"
99,GoPro HERO 9,2021-12-26 16:00:00,2021-12-26 16:45:49,marcelolatam,"R$ 5,02"
100,Pacote 50 Lances,2021-12-26 15:00:00,2021-12-26 15:37:55,JBruno57,"R$ 5,16"
101,Perfume Dolce e,2021-12-26 14:00:00,2021-12-26 14:49:57,Sr. Mendess,"R$ 4,81"
102,Cadeira Escritório Executiva,2021-12-26 11:00:00,2021-12-26 13:32:45,hamiltonh7,"R$ 14,17"
103,Pacote 100 Lances,2021-12-26 12:00:00,2021-12-26 12:41:06,Welvys,"R$ 4,82"
104,Honda CG 160,2021-12-25 20:00:00,2021-12-26 12:12:04,Flávio.sada.fl,"R$ 95,04"
105,Pacote 50 Lances,2021-12-26 09:00:00,2021-12-26 09:01:36,Jose Coelho48,"R$ 0,51"
106,Caixa de Som,2021-12-26 07:00:00,2021-12-26 08:48:57,R&amp;M_Lopes,"R$ 11,49"
107,Pacote 50 Lances,2021-12-26 06:00:00,2021-12-26 06:08:32,email,"R$ 1,98"
108,Smart TV LED,2021-12-25 16:00:00,2021-12-26 04:48:04,Pipo Zadi,"R$ 87,68"
109,iPad Air 10,2021-12-25 20:30:00,2021-12-26 03:17:54,Guido.,"R$ 45,70"
110,Pacote 100 Lances,2021-12-25 23:00:00,2021-12-25 23:47:26,32796281809,"R$ 7,01"
111,A Intel Core,2021-12-25 22:00:00,2021-12-25 22:53:39,Santana_Castro,"R$ 6,01"
112,Pacote 100 Lances,2021-12-25 21:00:00,2021-12-25 21:57:40,email,"R$ 7,47"
113,GoPro HERO 9,2021-12-25 13:00:00,2021-12-25 21:37:19,josenilton00,"R$ 61,67"
114,Cervejeira Metalfrio VN50FL,2021-12-25 19:00:00,2021-12-25 19:51:09,email,"R$ 5,70"
115,Impressora Canon Pixma,2021-12-25 19:30:00,2021-12-25 19:38:52,Josias_Oliveira,"R$ 1,90"
116,PIX de 1.000,2021-12-25 17:00:00,2021-12-25 19:14:07,cadencemiguel,"R$ 18,78"
117,Pacote 50 Lances,2021-12-25 18:00:00,2021-12-25 18:08:53,Si_cobri_caiodedo,"R$ 1,77"
118,Câmera Insta360 One,2021-12-25 11:00:00,2021-12-25 15:53:12,tabomesse,"R$ 29,51"
119,Pacote 50 Lances,2021-12-25 15:00:00,2021-12-25 15:31:01,acdourado,"R$ 4,04"
120,IPhone 13 Pro,2021-12-23 10:00:00,2021-12-25 15:28:31,email,"R$ 383,98"
121,Tablet How 7,2021-12-25 14:00:00,2021-12-25 14:03:19,posse,"R$ 0,67"
122,Pacote 100 Lances,2021-12-25 12:00:00,2021-12-25 12:38:14,email,"R$ 5,21"
123,Carro Elétrico Infantil,2021-12-25 07:00:00,2021-12-25 12:19:01,Yanno.Carvalho,"R$ 23,72"
124,IPhone 13 Pro,2021-12-25 10:00:00,2021-12-25 11:38:50,mantelli,"R$ 13,47"
125,Pacote 50 Lances,2021-12-25 09:00:00,2021-12-25 09:31:45,FNBIZ,"R$ 3,47"
126,Caixa de Som,2021-12-25 08:00:00,2021-12-25 08:15:59,waltz221,"R$ 2,81"
127,Pacote 50 Lances,2021-12-25 06:00:00,2021-12-25 06:07:15,girellir,"R$ 1,45"
128,MacBook Air Intel,2021-12-24 22:00:00,2021-12-25 02:09:16,Vainner-SC,"R$ 32,29"
129,iPad Air 10,2021-12-24 19:00:00,2021-12-24 23:31:28,cerballos,"R$ 28,66"
130,Pacote 100 Lances,2021-12-24 23:00:00,2021-12-24 23:02:31,Arlei Alves,"R$ 0,83"
131,Adega 8 garrafas,2021-12-24 19:30:00,2021-12-24 22:12:52,Fer Monti 2022,"R$ 12,33"
132,Climatizador de Ar,2021-12-24 20:30:00,2021-12-24 22:12:50,Luiscma96,"R$ 14,21"
133,Pacote 100 Lances,2021-12-24 21:00:00,2021-12-24 21:12:24,ederiman,"R$ 1,76"
134,Smart TV 75,2021-12-24 16:00:00,2021-12-24 20:16:38,email,"R$ 34,18"
135,5 Digital Edition,2021-12-24 20:00:00,2021-12-24 20:09:54,R&amp;M_Lopes,"R$ 2,78"
136,Drone Multilaser Eagle,2021-12-24 17:00:00,2021-12-24 18:19:52,Edu_96,"R$ 7,92"
137,Pacote 50 Lances,2021-12-24 18:00:00,2021-12-24 18:07:08,email,"R$ 1,14"
138,IPhone 13 Pro,2021-12-24 10:00:00,2021-12-24 17:26:59,Ricardokaser,"R$ 39,47"
139,Pacote 50 Lances,2021-12-24 15:00:00,2021-12-24 15:29:21,rafa7802,"R$ 3,51"
140,GoPro HERO 9,2021-12-24 08:00:00,2021-12-24 15:00:48,kadinho99,"R$ 37,32"
141,Caixa de Som,2021-12-24 14:00:00,2021-12-24 14:08:31,email,"R$ 1,67"
142,Pacote 100 Lances,2021-12-24 12:00:00,2021-12-24 13:38:28,TenhoMilharesLances,"R$ 11,69"
143,Patinete Elétrico Foston,2021-12-24 13:00:00,2021-12-24 13:19:23,the.king,"R$ 2,65"
144,Caixa de Som,2021-12-24 07:00:00,2021-12-24 12:19:45,milaschecin,"R$ 29,57"
145,PIX de 1.000,2021-12-24 11:00:00,2021-12-24 11:14:20,Alcides Marin,"R$ 3,86"
146,Pacote 50 Lances,2021-12-24 09:00:00,2021-12-24 09:00:22,email,"R$ 0,64"
147,Pacote 50 Lances,2021-12-24 06:00:00,2021-12-24 06:25:00,Santoselias.br,"R$ 3,89"
148,A Intel Core,2021-12-23 22:00:00,2021-12-24 02:40:43,Jocimas2,"R$ 32,78"
149,Patinete Elétrico Maj,2021-12-23 20:00:00,2021-12-24 00:06:38,m_rimazzi,"R$ 26,05"
150,Pacote 100 Lances,2021-12-23 23:00:00,2021-12-23 23:18:43,Gfigueiredo,"R$ 3,05"
151,Fone Bose Quietcomfort,2021-12-23 20:30:00,2021-12-23 22:09:59,VACINADO,"R$ 9,55"
152,PIX de 500,2021-12-23 19:30:00,2021-12-23 21:22:44,FabrícioNigga,"R$ 12,59"
153,Pacote 100 Lances,2021-12-23 21:00:00,2021-12-23 21:13:29,Pedro honda,"R$ 2,04"
154,Monitor LG LED,2021-12-23 19:00:00,2021-12-23 20:23:22,C ZAGUINI,"R$ 8,70"
155,Pacote 50 Lances,2021-12-23 18:00:00,2021-12-23 18:46:10,LUCASMONIC,"R$ 4,02"
156,Smart TV LED,2021-12-23 16:00:00,2021-12-23 18:06:58,email,"R$ 15,57"
157,PIX de 1.000,2021-12-23 14:00:00,2021-12-23 17:43:50,tabomesse,"R$ 24,88"
158,iPad Air 10,2021-12-23 17:00:00,2021-12-23 17:02:06,Fábio Minnesota,"R$ 1,07"
159,Pacote 50 Lances,2021-12-23 15:00:00,2021-12-23 15:30:53,Gabrielapontes,"R$ 3,70"
160,Caixa de Som,2021-12-23 13:00:00,2021-12-23 14:52:42,email,"R$ 13,52"
161,Pacote 100 Lances,2021-12-23 12:00:00,2021-12-23 12:53:57,tiagobdk123,"R$ 5,99"
162,Apple Watch Series,2021-12-23 11:00:00,2021-12-23 12:25:01,Fabiano_Nigro,"R$ 9,77"
163,Pacote 50 Lances,2021-12-23 09:00:00,2021-12-23 09:22:49,Agsonbn,"R$ 2,93"
164,Bicicleta Ergométrica Polimet,2021-12-23 07:00:00,2021-12-23 08:20:54,email,"R$ 6,38"
165,Computador Completo Monitor,2021-12-23 08:00:00,2021-12-23 08:01:56,taynan_vozza,"R$ 2,00"
166,Pacote 50 Lances,2021-12-23 06:00:00,2021-12-23 06:14:08,Yuri31-03,"R$ 2,39"
167,MacBook Air Intel,2021-12-22 22:00:00,2021-12-23 03:28:51,@caiomafra13,"R$ 36,37"
168,Patinete Elétrico Maj,2021-12-21 20:00:00,2021-12-23 02:42:29,@marcelolino_1990,"R$ 166,64"
169,Pacote 100 Lances,2021-12-22 23:00:00,2021-12-22 23:03:58,email,"R$ 1,00"
170,Câmera Insta360 One,2021-12-22 19:00:00,2021-12-22 22:54:22,kathyany,"R$ 19,47"
171,GoPro HERO 9,2021-12-21 19:30:00,2021-12-22 21:42:48,lisandrobh,"R$ 129,35"
172,Whisky Royal Salute,2021-12-22 20:30:00,2021-12-22 21:27:08,Marcelo Figueiró,"R$ 5,47"
173,Honda CG 160,2021-12-22 20:00:00,2021-12-22 21:16:46,Fehmattos,"R$ 8,94"
174,Pacote 100 Lances,2021-12-22 21:00:00,2021-12-22 21:01:03,Fox7,"R$ 0,52"
175,PIX de 1.000,2021-12-22 19:30:00,2021-12-22 20:44:39,esse é meu sim,"R$ 7,72"
176,5 Polegadas Vermelho,2021-12-22 17:00:00,2021-12-22 18:50:50,PIERO MARCON,"R$ 9,30"
177,Pacote 50 Lances,2021-12-22 18:00:00,2021-12-22 18:04:42,Claraelena,"R$ 1,20"
178,IPhone 13 Pro,2021-12-22 10:00:00,2021-12-22 16:52:04,Carletto365,"R$ 69,31"
179,Smart TV 75,2021-12-22 16:00:00,2021-12-22 16:29:24,dudalive,"R$ 6,53"
180,Chaise Hungria Trama,2021-12-22 14:00:00,2021-12-22 15:43:43,Ermenegildo,"R$ 10,17"
181,Pacote 50 Lances,2021-12-22 15:00:00,2021-12-22 15:09:58,email,"R$ 1,77"
182,Fone De Ouvido,2021-12-22 13:00:00,2021-12-22 13:37:15,@iarleisantana112,"R$ 5,20"
183,Pacote 100 Lances,2021-12-22 12:00:00,2021-12-22 12:48:25,email,"R$ 6,94"
184,iPad Air 10,2021-12-22 11:00:00,2021-12-22 12:08:09,KAIOBLACK,"R$ 10,54"
185,Cama Box Colch,2021-12-22 07:00:00,2021-12-22 10:42:02,Pac_Man,"R$ 22,00"
186,Pacote 50 Lances,2021-12-22 09:00:00,2021-12-22 09:44:07,Elzrs,"R$ 4,92"
187,Drone Multilaser Eagle,2021-12-22 08:00:00,2021-12-22 08:11:44,edilsonvital,"R$ 2,15"
188,Apple Watch Series,2021-12-21 08:00:00,2021-12-22 06:28:33,cadumusic,"R$ 128,24"
189,Pacote 50 Lances,2021-12-22 06:00:00,2021-12-22 06:05:25,Carlosmrr,"R$ 1,26"
190,A Intel Core,2021-12-21 22:00:00,2021-12-21 23:03:58,GiLANCE,"R$ 7,55"
191,Pacote 100 Lances,2021-12-21 23:00:00,2021-12-21 23:00:15,ruaann,"R$ 0,74"
192,Liquidificador Philips Walita,2021-12-21 20:30:00,2021-12-21 22:34:12,Luiscma96,"R$ 14,34"
193,Pacote 100 Lances,2021-12-21 21:00:00,2021-12-21 21:54:59,Fofocruz,"R$ 6,04"
194,Cervejeira Metalfrio VN50FL,2021-12-21 19:00:00,2021-12-21 21:45:36,Soul___,"R$ 18,82"
195,5 Digital Edition,2021-12-21 16:00:00,2021-12-21 19:32:02,BASALTO,"R$ 25,15"
196,f15 core i7,2021-12-21 17:00:00,2021-12-21 19:16:15,p.caldana,"R$ 15,77"
197,Patinete Elétrico Foston,2021-12-21 13:00:00,2021-12-21 18:42:55,lisa.,"R$ 34,16"
198,Pacote 50 Lances,2021-12-21 18:00:00,2021-12-21 18:07:11,brunopiui,"R$ 1,22"
199,PIX de 1.000,2021-12-21 11:00:00,2021-12-21 16:37:32,Kalum44,"R$ 37,23"
200,Pacote 50 Lances,2021-12-21 15:00:00,2021-12-21 15:39:15,NOTA1000!!,"R$ 4,85"
201,Smart TV 75,2021-12-20 16:00:00,2021-12-21 15:01:49,felipeFK,"R$ 170,54"
202,Smart TV Led,2021-12-21 14:00:00,2021-12-21 14:05:13,mpinato,"R$ 1,68"
203,Pacote 100 Lances,2021-12-21 12:00:00,2021-12-21 12:31:30,Karluz786,"R$ 4,73"
204,IPhone 13 Pro,2021-12-21 10:00:00,2021-12-21 10:47:08,Januário 2000,"R$ 10,04"
205,Pacote 50 Lances,2021-12-21 09:00:00,2021-12-21 09:26:18,email,"R$ 4,05"
206,Bicicleta Aro 29,2021-12-21 07:00:00,2021-12-21 08:45:37,Rômulo Riguetto,"R$ 11,49"
207,Pacote 50 Lances,2021-12-21 06:00:00,2021-12-21 06:11:56,Jotape79,"R$ 2,59"
208,MacBook Air Intel,2021-12-20 22:00:00,2021-12-21 02:47:26,Rômulo Riguetto,"R$ 31,27"
209,Refrigerador Brastemp Frost,2021-12-20 19:00:00,2021-12-21 00:08:46,gildodespachante,"R$ 32,53"
210,Pacote 100 Lances,2021-12-20 23:00:00,2021-12-20 23:39:53,Gabriel19,"R$ 5,39"
211,Patinete Elétrico Maj,2021-12-20 20:00:00,2021-12-20 21:34:58,LehBarbieri,"R$ 13,34"
212,Pacote 100 Lances,2021-12-20 21:00:00,2021-12-20 21:30:19,Fofocruz,"R$ 4,83"
213,Mochila Nike Sportswear,2021-12-20 19:30:00,2021-12-20 21:16:24,MUSTANG-GT,"R$ 10,66"
214,Caixa de Som,2021-12-20 20:30:00,2021-12-20 20:33:09,LehBarbieri,"R$ 1,90"
215,Bicicleta Aro 29,2021-12-20 14:00:00,2021-12-20 18:54:58,Frida33,"R$ 30,82"
216,Pacote 50 Lances,2021-12-20 18:00:00,2021-12-20 18:30:30,lucasparanhos,"R$ 4,46"
217,Whisky Royal Salute,2021-12-20 17:00:00,2021-12-20 17:06:18,email,"R$ 1,18"
218,Pacote 50 Lances,2021-12-20 15:00:00,2021-12-20 15:23:34,Karluz786,"R$ 4,22"
219,IPhone 13 Pro,2021-12-20 10:00:00,2021-12-20 14:32:23,Salberg00,"R$ 31,21"
220,Smart TV LED,2021-12-20 13:00:00,2021-12-20 13:40:01,dom.oliveto,"R$ 6,01"
221,Pacote 100 Lances,2021-12-20 12:00:00,2021-12-20 12:05:08,Anderdias,"R$ 1,06"
222,Drone Multilaser Eagle,2021-12-20 11:00:00,2021-12-20 11:09:25,Agamenonn,"R$ 1,22"
223,PIX de 1.000,2021-12-20 08:00:00,2021-12-20 10:03:27,wandy90,"R$ 12,20"
224,Pacote 50 Lances,2021-12-20 09:00:00,2021-12-20 09:09:22,Rafael3009,"R$ 0,95"
225,Chaise Hungria Trama,2021-12-20 07:00:00,2021-12-20 08:29:22,Rainhadosleilões,"R$ 6,91"
226,Smart TV 75,2021-12-19 16:00:00,2021-12-20 08:05:56,cheiodelances,"R$ 85,23"
227,5 Digital Edition,2021-12-19 20:00:00,2021-12-20 06:30:30,MarcosMAC,"R$ 58,84"
228,Pacote 50 Lances,2021-12-20 06:00:00,2021-12-20 06:00:15,BRMARTINOVSKI,"R$ 0,46"
229,A Intel Core,2021-12-19 22:00:00,2021-12-20 05:48:39,eusouomat,"R$ 42,37"
230,Notebook Dell Core,2021-12-19 20:30:00,2021-12-20 01:43:58,MarcosMAC,"R$ 28,33"
231,IPhone 13 Pro,2021-12-19 10:00:00,2021-12-20 01:12:52,G.Ornellas,"R$ 116,12"
232,Pacote 100 Lances,2021-12-19 23:00:00,2021-12-19 23:24:19,Pedro honda,"R$ 3,26"
233,PIX de 500,2021-12-19 19:30:00,2021-12-19 22:13:33,fininn,"R$ 16,53"
234,Pacote 100 Lances,2021-12-19 21:00:00,2021-12-19 21:07:38,Christo,"R$ 1,51"
235,GoPro HERO 9,2021-12-19 17:00:00,2021-12-19 20:00:26,email,"R$ 16,56"
236,Smart TV LED,2021-12-18 16:00:00,2021-12-19 19:29:22,Jocimas2,"R$ 149,15"
237,iPad Air 10,2021-12-19 19:00:00,2021-12-19 19:15:02,Ed.JR.,"R$ 2,73"
238,Apple Watch Series,2021-12-19 14:00:00,2021-12-19 18:20:15,nilvasilva,"R$ 23,48"
239,Pacote 50 Lances,2021-12-19 18:00:00,2021-12-19 18:07:22,Stephanyeschneider,"R$ 1,58"
240,5 Polegadas Vermelho,2021-12-19 13:00:00,2021-12-19 16:08:41,AdilsonMenendes,"R$ 16,43"
241,Pacote 50 Lances,2021-12-19 15:00:00,2021-12-19 15:27:25,Nascimentohl,"R$ 4,32"
242,Pacote 100 Lances,2021-12-19 12:00:00,2021-12-19 12:27:12,VRSA21,"R$ 3,83"
243,Caixa de Som,2021-12-19 11:00:00,2021-12-19 11:29:21,R&amp;M_Lopes,"R$ 3,56"
244,Pacote 50 Lances,2021-12-19 09:00:00,2021-12-19 09:15:05,Jakeline Tamião,"R$ 1,63"
245,Fone Bose Quietcomfort,2021-12-19 08:00:00,2021-12-19 08:37:30,cíntiadias,"R$ 3,42"
246,Maquina De Gelo,2021-12-19 07:00:00,2021-12-19 08:27:14,meu.lance,"R$ 7,60"
247,Pacote 50 Lances,2021-12-19 06:00:00,2021-12-19 06:01:21,email,"R$ 0,48"
248,PIX de 1.000,2021-12-18 19:00:00,2021-12-19 03:39:00,Crown,"R$ 42,09"
249,Honda CG 160,2021-12-18 20:00:00,2021-12-18 23:29:36,G.TEDESCO,"R$ 17,23"
250,Pacote 100 Lances,2021-12-18 23:00:00,2021-12-18 23:14:37,email,"R$ 1,73"
251,MacBook Air Intel,2021-12-18 22:00:00,2021-12-18 22:53:51,Eng.Brunno22,"R$ 5,45"
252,Pacote 100 Lances,2021-12-18 21:00:00,2021-12-18 21:42:30,papudinhos,"R$ 3,80"
253,Fone Bose Quietcomfort,2021-12-18 20:30:00,2021-12-18 20:46:48,hegon,"R$ 1,66"
254,Liquidificador Philips Walita,2021-12-18 19:30:00,2021-12-18 19:50:10,Fazendeira,"R$ 2,33"
255,Caixa de Som,2021-12-18 17:00:00,2021-12-18 19:15:29,laurataciana,"R$ 13,71"
256,5 Digital Edition,2021-12-18 14:00:00,2021-12-18 19:09:15,sidmarques,"R$ 31,52"
257,Pacote 50 Lances,2021-12-18 18:00:00,2021-12-18 18:02:33,miriacosta,"R$ 0,46"
258,A Intel Core,2021-12-15 22:00:00,2021-12-18 16:24:36,email,"R$ 373,77"
259,Pacote 50 Lances,2021-12-18 15:00:00,2021-12-18 15:11:59,avaloy,"R$ 1,81"
260,Patinete Elétrico Foston,2021-12-18 13:00:00,2021-12-18 14:59:11,inovart,"R$ 11,79"
261,Pacote 100 Lances,2021-12-18 12:00:00,2021-12-18 14:17:46,papudinhos,"R$ 16,02"
262,iPad Air 10,2021-12-18 11:00:00,2021-12-18 13:43:40,R.Possebon,"R$ 16,41"
263,IPhone 13 Pro,2021-12-18 10:00:00,2021-12-18 12:17:32,Mazzeto_Sjc,"R$ 23,29"
264,Pacote 50 Lances,2021-12-18 09:00:00,2021-12-18 09:01:19,Aventureiro.,"R$ 0,36"
265,Notebook Dell Core,2021-12-18 08:00:00,2021-12-18 08:29:04,marcobonazi,"R$ 4,59"
266,Bicicleta Aro 29,2021-12-18 07:00:00,2021-12-18 07:15:09,EmersonSoriani,"R$ 2,46"
267,Pacote 50 Lances,2021-12-18 06:00:00,2021-12-18 06:19:51,Cerqueira87,"R$ 2,92"
268,Smart TV 75,2021-12-17 16:00:00,2021-12-18 03:17:29,DomFidalgo,"R$ 71,22"
269,Aparador Philips Multigroom,2021-12-17 20:30:00,2021-12-18 00:11:12,Luiscma96,"R$ 25,96"
270,A Intel Core,2021-12-17 22:00:00,2021-12-18 00:03:53,LaminadosSP,"R$ 13,93"
271,Pacote 100 Lances,2021-12-17 23:00:00,2021-12-17 23:01:34,wolffang,"R$ 0,67"
272,Pacote 100 Lances,2021-12-17 21:00:00,2021-12-17 21:41:45,Caetanobezerra,"R$ 8,23"
273,5 Digital Edition,2021-12-17 19:00:00,2021-12-17 21:13:58,Papelariadavila,"R$ 15,87"
274,Cafeteira Dolce Gusto,2021-12-17 17:00:00,2021-12-17 20:47:37,Luiscma96,"R$ 19,98"
275,Patinete Elétrico Maj,2021-12-17 20:00:00,2021-12-17 20:46:57,342.122.832-33,"R$ 6,53"
276,GoPro HERO 9,2021-12-17 19:30:00,2021-12-17 20:17:31,RobertDaikan,"R$ 4,70"
277,Pacote 50 Lances,2021-12-17 18:00:00,2021-12-17 18:03:31,Bloservo,"R$ 1,14"
278,Apple Watch Series,2021-12-17 07:00:00,2021-12-17 16:34:21,Edu_Nunes,"R$ 45,73"
279,Caixa de Som,2021-12-17 13:00:00,2021-12-17 16:03:15,SÁBIO,"R$ 18,01"
280,Pacote 50 Lances,2021-12-17 15:00:00,2021-12-17 15:17:26,Karluz786,"R$ 2,69"
281,Patinete Elétrico Foston,2021-12-17 14:00:00,2021-12-17 14:59:16,álvarolutter,"R$ 5,72"
282,Drone Multilaser Eagle,2021-12-17 11:00:00,2021-12-17 12:13:23,c.frisoni,"R$ 7,74"
283,Pacote 100 Lances,2021-12-17 12:00:00,2021-12-17 12:02:44,email,"R$ 0,78"
284,IPhone 13 Pro,2021-12-17 10:00:00,2021-12-17 10:38:03,Daniel de Santi,"R$ 6,11"
285,Pacote 50 Lances,2021-12-17 09:00:00,2021-12-17 09:12:21,alexandre78m,"R$ 1,65"
286,Cervejeira Metalfrio VN50FL,2021-12-17 08:00:00,2021-12-17 08:49:58,Bennício,"R$ 5,48"
287,Pacote 50 Lances,2021-12-17 06:00:00,2021-12-17 06:00:15,VinnySa,"R$ 0,76"
288,PIX de 1.000,2021-12-16 20:30:00,2021-12-17 01:29:46,Lima Lanches BH,"R$ 34,22"
289,Pacote 100 Lances,2021-12-16 23:00:00,2021-12-16 23:25:34,Gortari,"R$ 2,72"
290,Pacote 100 Lances,2021-12-16 21:00:00,2021-12-16 22:48:36,papudinhos,"R$ 11,91"
291,MacBook Air Intel,2021-12-16 22:00:00,2021-12-16 22:30:23,Adélio_M_Salles,"R$ 4,69"
292,Smart TV 75,2021-12-16 20:00:00,2021-12-16 21:46:09,@gevamoreira77,"R$ 13,79"
293,Caixa de Som,2021-12-16 19:30:00,2021-12-16 19:51:47,email,"R$ 2,65"
294,Refrigerador Brastemp Frost,2021-12-16 19:00:00,2021-12-16 19:33:12,sachetti,"R$ 6,40"
295,5 Digital Edition,2021-12-16 16:00:00,2021-12-16 19:09:32,xandytimão,"R$ 22,27"
296,IPhone 13 Pro,2021-12-15 10:00:00,2021-12-16 18:41:17,EDU_VOGT,"R$ 221,19"
297,Pacote 50 Lances,2021-12-16 18:00:00,2021-12-16 18:06:42,Hoyycellio07,"R$ 1,49"
298,Patinete Elétrico Foston,2021-12-16 17:00:00,2021-12-16 17:53:31,xandytimão,"R$ 5,12"
299,Smart TV LED,2021-12-16 13:00:00,2021-12-16 17:12:08,RCJardins,"R$ 26,02"
300,Drone Multilaser Eagle,2021-12-16 14:00:00,2021-12-16 16:12:56,Phillipi,"R$ 11,46"
301,Pacote 50 Lances,2021-12-16 15:00:00,2021-12-16 15:20:58,TenhoMilharesLances,"R$ 2,50"
302,Aspirador Robô Mondial,2021-12-16 11:00:00,2021-12-16 12:53:48,Adlerr,"R$ 10,64"
303,Pacote 100 Lances,2021-12-16 12:00:00,2021-12-16 12:19:21,lourisvania,"R$ 2,60"
304,IPhone 13 Pro,2021-12-16 10:00:00,2021-12-16 11:32:40,Fabiomonti7,"R$ 10,32"
305,Pacote 50 Lances,2021-12-16 09:00:00,2021-12-16 09:09:28,skalibur,"R$ 1,15"
306,Cama Box Colch,2021-12-16 08:00:00,2021-12-16 08:58:09,Eng.Brunno22,"R$ 6,26"
307,Caixa de Som,2021-12-16 07:00:00,2021-12-16 07:55:30,Kezio__,"R$ 6,03"
308,Pacote 50 Lances,2021-12-16 06:00:00,2021-12-16 06:41:14,Dionisio0209,"R$ 4,17"
309,Honda CG 160,2021-12-15 20:00:00,2021-12-16 06:18:18,BASALTOMINAS,"R$ 52,43"
310,Caixa de Som,2021-12-15 20:30:00,2021-12-15 23:43:36,papudinhos,"R$ 15,31"
311,Pacote 100 Lances,2021-12-15 23:00:00,2021-12-15 23:24:10,Eliedu99472811,"R$ 2,82"
312,Smart TV 75,2021-12-15 16:00:00,2021-12-15 22:31:56,CarlaEtna,"R$ 51,31"
313,Pacote 100 Lances,2021-12-15 21:00:00,2021-12-15 21:39:32,Cartoloco,"R$ 5,76"
314,GoPro HERO 9,2021-12-15 19:00:00,2021-12-15 20:43:49,bel chinaglia,"R$ 9,54"
315,Impressora Canon Pixma,2021-12-15 19:30:00,2021-12-15 20:39:21,Juan Christopher,"R$ 6,65"
316,Pacote 50 Lances,2021-12-15 18:00:00,2021-12-15 18:09:52,TallitaRP,"R$ 1,98"
317,Lava E Seca,2021-12-15 17:00:00,2021-12-15 17:30:42,deixa co pai,"R$ 6,12"
318,Esteira Ergométrica El,2021-12-15 13:00:00,2021-12-15 17:16:58,r.marconato,"R$ 26,98"
319,5 Polegadas Vermelho,2021-12-15 14:00:00,2021-12-15 15:45:40,Valentinn,"R$ 12,11"
320,Pacote 50 Lances,2021-12-15 15:00:00,2021-12-15 15:17:31,lourisvania,"R$ 3,15"
321,Chaise Hungria Trama,2021-12-15 11:00:00,2021-12-15 12:40:18,Eng.Brunno22,"R$ 12,34"
322,Pacote 100 Lances,2021-12-15 12:00:00,2021-12-15 12:30:14,LDutilitários,"R$ 4,59"
323,Caixa de Som,2021-12-15 07:00:00,2021-12-15 11:45:12,Eduardomad,"R$ 29,62"
324,Pacote 50 Lances,2021-12-15 09:00:00,2021-12-15 09:02:03,Patrick Teixeira,"R$ 0,49"
325,Patinete Elétrico Foston,2021-12-15 08:00:00,2021-12-15 08:14:40,LaminadosSP,"R$ 2,21"
326,Pacote 50 Lances,2021-12-15 06:00:00,2021-12-15 06:14:07,Max865,"R$ 2,10"
327,PIX de 500,2021-12-14 19:30:00,2021-12-15 02:42:18,JÔVA,"R$ 44,71"
328,Pacote 100 Lances,2021-12-14 23:00:00,2021-12-14 23:24:43,Bentos 01,"R$ 3,45"
329,Fone Bose Quietcomfort,2021-12-14 20:00:00,2021-12-14 22:55:56,SONHADOR11,"R$ 15,37"
330,Pacote 100 Lances,2021-12-14 21:00:00,2021-12-14 22:18:07,papudinhos,"R$ 8,85"
331,MacBook Air Intel,2021-12-14 22:00:00,2021-12-14 22:07:22,email,"R$ 2,95"
332,Climatizador de Ar,2021-12-14 20:30:00,2021-12-14 20:41:56,Luiscma96,"R$ 1,78"
333,Apple Watch Series,2021-12-14 17:00:00,2021-12-14 19:47:47,R.E.N.A.T.O,"R$ 18,20"
334,GoPro HERO 9,2021-12-14 13:00:00,2021-12-14 19:13:32,Blinders,"R$ 37,37"
335,Drone Multilaser Eagle,2021-12-14 19:00:00,2021-12-14 19:11:14,r.angeloni,"R$ 1,92"
336,iPad Air 10,2021-12-14 14:00:00,2021-12-14 18:11:41,@quézionogueira,"R$ 22,97"
337,Smart TV LED,2021-12-14 16:00:00,2021-12-14 18:09:18,email,"R$ 16,17"
338,Pacote 50 Lances,2021-12-14 18:00:00,2021-12-14 18:00:36,poc4h,"R$ 0,72"
339,IPhone 13 Pro,2021-12-14 10:00:00,2021-12-14 17:33:01,jp_XP,"R$ 70,88"
340,Pacote 50 Lances,2021-12-14 15:00:00,2021-12-14 15:13:59,toti2410,"R$ 2,22"
341,Pacote 100 Lances,2021-12-14 12:00:00,2021-12-14 14:07:39,papudinhos,"R$ 15,89"
342,Bicicleta Aro 29,2021-12-14 08:00:00,2021-12-14 12:34:54,R&amp;M_Lopes,"R$ 28,34"
343,Câmera Insta360 One,2021-12-14 11:00:00,2021-12-14 11:50:33,Tercio Vilet,"R$ 5,00"
344,Caixa de Som,2021-12-14 07:00:00,2021-12-14 09:11:36,Rapha_Zanetti_SP,"R$ 15,57"
345,Pacote 50 Lances,2021-12-14 09:00:00,2021-12-14 09:09:25,email,"R$ 1,66"
346,Pacote 50 Lances,2021-12-14 06:00:00,2021-12-14 06:19:42,Psicogamer,"R$ 2,42"
347,PIX de 1.000,2021-12-13 20:30:00,2021-12-14 06:18:44,inovart,"R$ 54,75"
348,Smart TV 75,2021-12-13 16:00:00,2021-12-14 01:38:17,Edu_Nunes,"R$ 89,33"
349,A Intel Core,2021-12-13 22:00:00,2021-12-14 00:01:17,Grolli_Cesar,"R$ 11,60"
350,Pacote 100 Lances,2021-12-13 23:00:00,2021-12-13 23:08:25,Hermes28,"R$ 1,38"
351,GoPro HERO 9,2021-12-13 19:00:00,2021-12-13 21:32:07,cadencemiguel,"R$ 14,42"
352,Pacote 100 Lances,2021-12-13 21:00:00,2021-12-13 21:25:45,email,"R$ 3,21"
353,Patinete Elétrico Maj,2021-12-13 20:00:00,2021-12-13 21:01:42,LEOFOREX,"R$ 7,44"
354,GoPro HERO 9,2021-12-12 14:00:00,2021-12-13 20:28:21,@ailtonalves2,"R$ 141,46"
355,Monitor LG LED,2021-12-13 19:30:00,2021-12-13 19:47:00,m.piovezani,"R$ 2,47"
356,Pacote 50 Lances,2021-12-13 18:00:00,2021-12-13 18:05:12,email,"R$ 1,22"
357,Pacote 50 Lances,2021-12-13 15:00:00,2021-12-13 17:18:33,papudinhos,"R$ 15,00"
358,Smart TV LED,2021-12-13 17:00:00,2021-12-13 17:06:29,josenilton00,"R$ 2,80"
359,Fone Bose Quietcomfort,2021-12-13 13:00:00,2021-12-13 15:53:20,SANTANA.CASSIO,"R$ 16,27"
360,IPhone 13 Pro,2021-12-13 10:00:00,2021-12-13 14:08:32,flavio.tonelli,"R$ 36,63"
361,Impressora Canon Pixma,2021-12-13 14:00:00,2021-12-13 14:02:45,toti2410,"R$ 0,99"
362,Pacote 100 Lances,2021-12-13 12:00:00,2021-12-13 13:12:20,Clairton Motta,"R$ 9,25"
363,Bicicleta Aro 29,2021-12-13 11:00:00,2021-12-13 12:49:14,matiê moura,"R$ 10,10"
364,Drone Multilaser Eagle,2021-12-13 08:00:00,2021-12-13 12:13:23,Emerson Viegas,"R$ 18,20"
365,Pacote 50 Lances,2021-12-13 09:00:00,2021-12-13 09:09:34,Pabloromero05,"R$ 1,11"
366,Apple Watch Series,2021-12-13 07:00:00,2021-12-13 08:54:03,Fer Monti 2000,"R$ 8,56"
367,Pacote 50 Lances,2021-12-13 06:00:00,2021-12-13 06:06:37,Tynno Roccha,"R$ 1,25"
368,MacBook Air Intel,2021-12-12 22:00:00,2021-12-13 05:44:11,Alisson Marconi,"R$ 43,30"
369,Pacote 100 Lances,2021-12-12 23:00:00,2021-12-12 23:16:41,Helielton,"R$ 3,14"
370,Cervejeira Metalfrio VN50FL,2021-12-12 19:00:00,2021-12-12 21:48:50,hegon,"R$ 14,76"
371,Smart TV LED,2021-12-12 20:00:00,2021-12-12 21:42:09,Kabana23,"R$ 14,20"
372,Pacote 100 Lances,2021-12-12 21:00:00,2021-12-12 21:18:23,email,"R$ 2,38"
373,Patinete Elétrico Foston,2021-12-12 20:30:00,2021-12-12 21:08:38,email,"R$ 4,23"
374,PIX de 200,2021-12-12 19:30:00,2021-12-12 19:40:34,gabosouza,"R$ 2,97"
375,Pacote 50 Lances,2021-12-12 18:00:00,2021-12-12 18:04:19,Miguel Lopes,"R$ 1,03"
376,Maquina De Gelo,2021-12-12 17:00:00,2021-12-12 17:59:43,falcony,"R$ 5,14"
377,Computador Completo Monitor,2021-12-12 13:00:00,2021-12-12 17:17:29,M.Sada,"R$ 25,82"
378,5 Digital Edition,2021-12-12 16:00:00,2021-12-12 16:11:09,falcony,"R$ 4,20"
379,Pacote 50 Lances,2021-12-12 15:00:00,2021-12-12 15:38:34,SaiQEhMeu,"R$ 4,71"
380,Pacote 100 Lances,2021-12-12 12:00:00,2021-12-12 12:43:16,email,"R$ 5,12"
381,Fone Bose Quietcomfort,2021-12-12 08:00:00,2021-12-12 11:00:45,S.A.T.O,"R$ 12,30"
382,Chaise Hungria Trama,2021-12-12 11:00:00,2021-12-12 11:00:30,Rodrigo 1313,"R$ 0,38"
383,IPhone 13 Pro,2021-12-12 10:00:00,2021-12-12 10:47:12,allisoncasse,"R$ 6,32"
384,Pacote 50 Lances,2021-12-12 09:00:00,2021-12-12 09:04:05,rfntkd,"R$ 0,55"
385,Caixa de Som,2021-12-12 07:00:00,2021-12-12 08:58:10,NEM-TENTA,"R$ 8,62"
386,Patinete Elétrico Maj,2021-12-11 16:00:00,2021-12-12 06:14:27,zehraphael33,"R$ 74,47"
387,Pacote 50 Lances,2021-12-12 06:00:00,2021-12-12 06:03:20,Aleramos1309,"R$ 0,89"
388,A Intel Core,2021-12-11 22:00:00,2021-12-12 03:05:13,email,"R$ 24,49"
389,Pacote 100 Lances,2021-12-11 23:00:00,2021-12-11 23:00:31,Edna Bit Lopes,"R$ 0,44"
390,Poltrona Grafite Suede,2021-12-11 19:30:00,2021-12-11 21:35:29,papudinhos,"R$ 12,57"
391,Pacote 100 Lances,2021-12-11 21:00:00,2021-12-11 21:27:36,Gelso123,"R$ 4,12"
392,Mini Ar Condicionado,2021-12-11 20:30:00,2021-12-11 20:44:21,PietraRS,"R$ 2,20"
393,Smart TV 75,2021-12-11 20:00:00,2021-12-11 20:13:32,Líder,"R$ 5,65"
394,Refrigerador Brastemp Frost,2021-12-11 19:00:00,2021-12-11 19:03:48,mantelli,"R$ 3,64"
395,iPad Mini 4,2021-12-11 17:00:00,2021-12-11 18:41:55,mantelli,"R$ 8,08"
396,Pacote 50 Lances,2021-12-11 18:00:00,2021-12-11 18:01:57,Sergio2,"R$ 0,76"
397,MacBook Air Intel,2021-12-10 22:00:00,2021-12-11 15:32:14,jalneisilva,"R$ 95,67"
398,Pacote 50 Lances,2021-12-11 15:00:00,2021-12-11 15:15:27,TERCIOO1,"R$ 2,41"
399,Esteira Ergométrica El,2021-12-11 13:00:00,2021-12-11 14:46:26,email,"R$ 7,98"
400,Cadeira de escrit,2021-12-11 14:00:00,2021-12-11 14:18:35,masoni123,"R$ 2,69"
401,Caixa de Som,2021-12-11 11:00:00,2021-12-11 13:48:51,igor_sampa_r1,"R$ 17,69"
402,IPhone 13 Pro,2021-12-11 10:00:00,2021-12-11 12:32:07,carloslondres,"R$ 21,77"
403,Pacote 100 Lances,2021-12-11 12:00:00,2021-12-11 12:25:13,email,"R$ 2,96"
404,Pacote 50 Lances,2021-12-11 09:00:00,2021-12-11 09:01:29,Guilherme9513,"R$ 0,42"
405,PIX de 1.000,2021-12-11 08:00:00,2021-12-11 08:14:21,Januário 2000,"R$ 2,94"
406,Câmera Insta360 One,2021-12-11 07:00:00,2021-12-11 07:27:46,ivycastro,"R$ 2,81"
407,Pacote 50 Lances,2021-12-11 06:00:00,2021-12-11 06:17:31,email,"R$ 2,28"
408,GoPro HERO 9,2021-12-10 11:00:00,2021-12-11 04:19:43,BAHIAN0,"R$ 75,95"
409,iPad Air 10,2021-12-10 13:00:00,2021-12-11 03:49:53,Lance.do.Cidão,"R$ 93,20"
410,Honda CG 160,2021-12-10 20:00:00,2021-12-11 02:55:26,Lauritorn,"R$ 45,40"
411,Adega 8 garrafas,2021-12-10 20:30:00,2021-12-11 00:30:52,Eduardomad,"R$ 22,09"
412,f15 core i7,2021-12-10 19:00:00,2021-12-11 00:03:22,K.I.W.A.2000,"R$ 33,43"
413,Pacote 100 Lances,2021-12-10 23:00:00,2021-12-10 23:12:41,GustavoSkona,"R$ 2,33"
414,Pacote 100 Lances,2021-12-10 21:00:00,2021-12-10 21:00:51,email,"R$ 0,52"
415,PIX de 200,2021-12-10 19:30:00,2021-12-10 20:05:06,email,"R$ 4,95"
416,Patinete Elétrico Foston,2021-12-10 17:00:00,2021-12-10 18:22:18,LaminadosSP,"R$ 8,59"
417,Pacote 50 Lances,2021-12-10 18:00:00,2021-12-10 18:00:58,TenhoMilharesLances,"R$ 0,96"
418,5 Digital Edition,2021-12-10 16:00:00,2021-12-10 16:59:06,gabisk8,"R$ 10,90"
419,Pacote 50 Lances,2021-12-10 15:00:00,2021-12-10 15:22:38,Eveortiz,"R$ 2,70"
420,Caixa de Som,2021-12-10 14:00:00,2021-12-10 14:29:45,Celio77,"R$ 4,39"
421,Pacote 100 Lances,2021-12-10 12:00:00,2021-12-10 12:46:59,Hjrocha,"R$ 6,93"
422,PIX de 1.000,2021-12-10 08:00:00,2021-12-10 12:10:32,wandy90,"R$ 25,37"
423,IPhone 13 Pro,2021-12-10 10:00:00,2021-12-10 11:05:28,rodrigo.ccarvalho13,"R$ 10,38"
424,Bicicleta Aro 29,2021-12-10 07:00:00,2021-12-10 09:48:39,sai pra lá,"R$ 19,05"
425,Pacote 50 Lances,2021-12-10 09:00:00,2021-12-10 09:03:34,email,"R$ 0,87"
426,Pacote 50 Lances,2021-12-10 06:00:00,2021-12-10 06:00:49,Laercio Oliveira,"R$ 0,73"
427,Lava E Seca,2021-12-09 14:00:00,2021-12-10 05:31:27,kadinho99,"R$ 91,83"
428,A Intel Core,2021-12-09 22:00:00,2021-12-10 03:42:58,Cassio.damasceno,"R$ 36,69"
429,Smart TV LED,2021-12-09 20:00:00,2021-12-10 02:04:05,Zanatti,"R$ 37,35"
430,Cervejeira Metalfrio VN50FL,2021-12-09 19:30:00,2021-12-09 23:24:35,Adlerr,"R$ 18,96"
431,Pacote 100 Lances,2021-12-09 23:00:00,2021-12-09 23:12:29,jpgneguin,"R$ 1,53"
432,Fone Bose Quietcomfort,2021-12-09 17:00:00,2021-12-09 22:14:41,@cpiracicaba__,"R$ 26,80"
433,Pacote 100 Lances,2021-12-09 21:00:00,2021-12-09 21:40:35,sidi thopp,"R$ 4,47"
434,Mesa para Notebook,2021-12-09 20:30:00,2021-12-09 21:40:11,Nandodsm2021,"R$ 5,52"
435,Câmera Insta360 One,2021-12-09 13:00:00,2021-12-09 20:56:06,cabana,"R$ 46,05"
436,Refrigerador Brastemp Frost,2021-12-09 19:00:00,2021-12-09 20:50:39,andréluissabagg,"R$ 12,60"
437,Pacote 50 Lances,2021-12-09 18:00:00,2021-12-09 18:09:45,ejesus,"R$ 1,50"
438,Patinete Elétrico Maj,2021-12-09 16:00:00,2021-12-09 17:16:38,cheiodelances,"R$ 8,62"
439,5 Digital Edition,2021-12-09 11:00:00,2021-12-09 15:48:46,EDU_VOGT,"R$ 34,59"
440,Pacote 50 Lances,2021-12-09 15:00:00,2021-12-09 15:30:19,mcremon,"R$ 4,52"
441,Caixa de Som,2021-12-09 07:00:00,2021-12-09 13:46:51,email,"R$ 45,40"
442,Pacote 100 Lances,2021-12-09 12:00:00,2021-12-09 12:34:26,Bertram,"R$ 5,61"
443,IPhone 13 Pro,2021-12-09 10:00:00,2021-12-09 11:20:27,email,"R$ 12,36"
444,Cama Box Colch,2021-12-09 08:00:00,2021-12-09 10:19:55,TEOTÔNIO,"R$ 13,79"
445,Pacote 50 Lances,2021-12-09 09:00:00,2021-12-09 09:06:46,email,"R$ 1,38"
446,Pacote 50 Lances,2021-12-09 06:00:00,2021-12-09 06:04:54,mcremon,"R$ 1,56"
447,iPad Air 10,2021-12-08 19:30:00,2021-12-09 05:39:03,j.veccio,"R$ 59,24"
448,IPhone 13 Pro,2021-12-08 10:00:00,2021-12-09 01:26:32,vsutton,"R$ 116,86"
449,Pacote 100 Lances,2021-12-08 23:00:00,2021-12-08 23:52:50,Pare de Gastar Atoa,"R$ 5,51"
450,Esteira Ergométrica El,2021-12-08 20:30:00,2021-12-08 23:39:59,gabisk8,"R$ 21,80"
451,MacBook Air Intel,2021-12-08 22:00:00,2021-12-08 23:14:03,Henning,"R$ 11,27"
452,Pacote 100 Lances,2021-12-08 21:00:00,2021-12-08 22:18:48,Hjrocha,"R$ 8,03"
453,Fone Bose Quietcomfort,2021-12-08 14:00:00,2021-12-08 20:44:42,SONHADOR11,"R$ 40,15"
454,Smart TV LED,2021-12-08 20:00:00,2021-12-08 20:33:41,cabana,"R$ 6,70"
455,Professional Gaming Headset,2021-12-08 19:00:00,2021-12-08 19:42:40,Luiscma96,"R$ 4,43"
456,Pacote 50 Lances,2021-12-08 18:00:00,2021-12-08 18:07:12,Lombello,"R$ 1,71"
457,Patinete Elétrico Maj,2021-12-08 16:00:00,2021-12-08 17:55:41,RCJardins,"R$ 13,59"
458,Cervejeira Metalfrio VN50FL,2021-12-08 17:00:00,2021-12-08 17:37:02,oliveiramarcos_,"R$ 4,65"
459,PIX de 1.000,2021-12-08 08:00:00,2021-12-08 16:46:28,Gardel,"R$ 60,02"
460,Pacote 50 Lances,2021-12-08 15:00:00,2021-12-08 15:13:15,EMERSONXORORO,"R$ 2,37"
461,GoPro HERO 9,2021-12-08 13:00:00,2021-12-08 13:26:19,dom.oliveto,"R$ 3,57"
462,Pacote 100 Lances,2021-12-08 12:00:00,2021-12-08 12:16:09,pedroi123,"R$ 2,89"
463,Cadeira Escritório Executiva,2021-12-08 11:00:00,2021-12-08 11:01:47,jessicam.victoria.mg,"R$ 1,13"
464,Pacote 50 Lances,2021-12-08 09:00:00,2021-12-08 09:05:37,Jessicamayron,"R$ 0,96"
465,Cafeteira Dolce Gusto,2021-12-08 07:00:00,2021-12-08 07:48:12,Britolance,"R$ 6,88"
466,Pacote 50 Lances,2021-12-08 06:00:00,2021-12-08 06:31:15,email,"R$ 4,17"
467,Smart TV LED,2021-12-07 20:00:00,2021-12-08 03:52:54,email,"R$ 47,06"
468,Refrigerador Brastemp Frost,2021-12-07 19:00:00,2021-12-08 02:42:32,OscarRody,"R$ 52,48"
469,5 Digital Edition,2021-12-07 20:30:00,2021-12-08 00:37:01,reidoleilão,"R$ 26,56"
470,Patinete Elétrico Foston,2021-12-07 19:30:00,2021-12-07 23:49:20,FrancoYz,"R$ 20,03"
471,Pacote 100 Lances,2021-12-07 21:00:00,2021-12-07 23:31:08,Hjrocha,"R$ 14,13"
472,Pacote 100 Lances,2021-12-07 23:00:00,2021-12-07 23:04:02,Hosias,"R$ 0,91"
473,A Intel Core,2021-12-07 22:00:00,2021-12-07 22:42:39,papatud0,"R$ 5,15"
474,Smart TV Led,2021-12-07 14:00:00,2021-12-07 20:10:10,Salberg00,"R$ 37,58"
475,MacBook Air Intel,2021-12-06 22:00:00,2021-12-07 18:49:43,@caiomanfredinni,"R$ 130,39"
476,Apple Watch Series,2021-12-07 11:00:00,2021-12-07 18:49:23,keepcalm,"R$ 45,93"
477,Pacote 50 Lances,2021-12-07 18:00:00,2021-12-07 18:08:19,reflexovitoria,"R$ 1,52"
478,Smart TV 75,2021-12-07 16:00:00,2021-12-07 17:44:01,Jairo_Marsil,"R$ 16,68"
479,PIX de 1.000,2021-12-07 17:00:00,2021-12-07 17:15:51,Jairo_Marsil,"R$ 4,53"
480,Pacote 50 Lances,2021-12-07 15:00:00,2021-12-07 15:20:41,manguinha.,"R$ 3,53"
481,IPhone 13 Pro,2021-12-07 10:00:00,2021-12-07 14:55:28,ElizeuGottardo,"R$ 39,37"
482,Fone De Ouvido,2021-12-07 13:00:00,2021-12-07 13:40:43,T.A.K.A,"R$ 5,24"
483,Pacote 100 Lances,2021-12-07 12:00:00,2021-12-07 13:03:56,Hjrocha,"R$ 8,78"
484,iPad Mini 4,2021-12-07 07:00:00,2021-12-07 10:31:04,C ZAGUINI,"R$ 23,85"
485,Câmera Insta360 One,2021-12-07 08:00:00,2021-12-07 09:07:24,Sortudo.com,"R$ 6,11"
486,Pacote 50 Lances,2021-12-07 09:00:00,2021-12-07 09:05:44,email,"R$ 1,06"
487,Patinete Elétrico Maj,2021-12-06 16:00:00,2021-12-07 07:12:53,Marcelo Figueiró,"R$ 91,01"
488,Pacote 50 Lances,2021-12-07 06:00:00,2021-12-07 06:07:23,LoryBovary,"R$ 1,44"
489,Pacote 100 Lances,2021-12-06 23:00:00,2021-12-06 23:09:40,Mgribeur,"R$ 1,85"
490,Pacote 100 Lances,2021-12-06 21:00:00,2021-12-06 21:44:28,Hjrocha,"R$ 6,19"
491,Relogio de Parede,2021-12-06 20:30:00,2021-12-06 21:19:15,Hjrocha,"R$ 4,31"
492,PIX de 200,2021-12-06 19:30:00,2021-12-06 20:55:28,Dayanaleilao,"R$ 12,15"
493,Smart TV 75,2021-12-06 20:00:00,2021-12-06 20:46:14,Daniel de Santi,"R$ 10,76"
494,IPhone 13 Pro,2021-12-06 10:00:00,2021-12-06 20:21:55,mahrodriguess2,"R$ 96,72"
495,Drone Multilaser Eagle,2021-12-06 19:00:00,2021-12-06 19:44:05,BARÚ_SUSHI,"R$ 6,00"
496,Pacote 50 Lances,2021-12-06 18:00:00,2021-12-06 18:08:01,manguinha.,"R$ 1,84"
497,Aspirador de P,2021-12-06 17:00:00,2021-12-06 17:20:05,VITACIR. CAMPEÃO,"R$ 2,81"
498,Maquina De Gelo,2021-12-06 14:00:00,2021-12-06 16:39:44,Sol_BC,"R$ 18,51"
499,Pacote 50 Lances,2021-12-06 15:00:00,2021-12-06 15:54:23,Michelmiguel26,"R$ 7,77"
500,Patinete Elétrico Foston,2021-12-06 11:00:00,2021-12-06 15:35:56,email,"R$ 31,24"
501,Cama Box Colch,2021-12-06 13:00:00,2021-12-06 13:11:27,luan Christiann,"R$ 2,42"
502,Pacote 100 Lances,2021-12-06 12:00:00,2021-12-06 12:25:13,Cleitonhulk,"R$ 4,42"
503,Pacote 50 Lances,2021-12-06 09:00:00,2021-12-06 09:51:35,Iisi,"R$ 6,99"
504,PIX de 1.000,2021-12-06 08:00:00,2021-12-06 08:14:17,ugan_silva,"R$ 2,58"
505,Smart TV Led,2021-12-06 07:00:00,2021-12-06 07:38:50,ugan_silva,"R$ 4,22"
506,Pacote 50 Lances,2021-12-06 06:00:00,2021-12-06 06:16:40,Dogdog15,"R$ 2,07"
507,Smart TV LED,2021-12-05 16:00:00,2021-12-06 02:56:38,DavidBritto,"R$ 70,49"
508,PIX de 1.000,2021-12-05 19:00:00,2021-12-06 02:05:09,email,"R$ 46,71"
509,A Intel Core,2021-12-05 22:00:00,2021-12-06 00:50:45,Rapha_Zanetti_SP,"R$ 15,19"
510,Pacote 100 Lances,2021-12-05 23:00:00,2021-12-05 23:24:16,email,"R$ 3,10"
511,Patinete Elétrico Foston,2021-12-05 20:30:00,2021-12-05 23:11:11,VéinhoZL,"R$ 14,10"
512,Pacote 100 Lances,2021-12-05 21:00:00,2021-12-05 21:20:50,Todo Brasil,"R$ 2,67"
513,iPad Air 10,2021-12-05 20:00:00,2021-12-05 21:09:39,joãominas,"R$ 8,30"
514,Perfume Dolce e,2021-12-05 19:30:00,2021-12-05 20:34:33,saulo_coiote,"R$ 6,34"
515,Cervejeira Metalfrio VN50FL,2021-12-05 17:00:00,2021-12-05 18:34:26,marcios,"R$ 9,54"
516,5 Digital Edition,2021-12-05 13:00:00,2021-12-05 18:33:45,Papelariadavila,"R$ 42,32"
517,GoPro HERO 9,2021-12-05 14:00:00,2021-12-05 18:24:40,Massani.R,"R$ 27,04"
518,Pacote 50 Lances,2021-12-05 18:00:00,2021-12-05 18:04:42,Arrematado&amp;&amp;,"R$ 1,12"
519,Caixa de Som,2021-12-05 08:00:00,2021-12-05 16:19:26,leonel_ram_ms,"R$ 48,96"
520,Pacote 50 Lances,2021-12-05 15:00:00,2021-12-05 15:05:26,JBCSouza,"R$ 1,65"
521,Pacote 100 Lances,2021-12-05 12:00:00,2021-12-05 13:56:57,Hjrocha,"R$ 12,91"
522,MacBook Air Intel,2021-12-04 22:00:00,2021-12-05 13:37:03,cinthiadalle,"R$ 107,09"
523,Apple Watch Series,2021-12-05 11:00:00,2021-12-05 12:35:24,Vainner-SC,"R$ 9,60"
524,IPhone 13 Pro,2021-12-05 10:00:00,2021-12-05 11:29:53,Jrmaverick13,"R$ 13,74"
525,Drone Multilaser Eagle,2021-12-05 07:00:00,2021-12-05 10:04:44,Ratones,"R$ 17,27"
526,Pacote 50 Lances,2021-12-05 09:00:00,2021-12-05 09:05:39,Marcelinho268,"R$ 1,11"
527,Smart TV 75,2021-12-04 20:00:00,2021-12-05 08:05:54,Perigoso00,"R$ 80,22"
528,Pacote 50 Lances,2021-12-05 06:00:00,2021-12-05 06:02:05,JBMoeste,"R$ 1,02"
529,PIX de 1.000,2021-12-04 20:30:00,2021-12-05 01:40:50,@flavioterence34,"R$ 33,48"
530,Pacote 100 Lances,2021-12-04 23:00:00,2021-12-04 23:19:25,Joslane,"R$ 2,95"
531,Pacote 100 Lances,2021-12-04 21:00:00,2021-12-04 21:28:51,email,"R$ 3,74"
532,Patinete Elétrico Foston,2021-12-04 19:00:00,2021-12-04 21:16:29,EDU_VOGT,"R$ 13,48"
533,GoPro HERO 9,2021-12-04 17:00:00,2021-12-04 20:33:29,mantelli,"R$ 21,54"
534,Tablet How 7,2021-12-04 19:30:00,2021-12-04 19:38:28,AloisioMan,"R$ 1,53"
535,Pacote 50 Lances,2021-12-04 18:00:00,2021-12-04 18:33:54,luisapura,"R$ 3,17"
536,Smart TV LED,2021-12-04 13:00:00,2021-12-04 18:19:31,henning_fabio,"R$ 40,40"
537,5 Digital Edition,2021-12-04 16:00:00,2021-12-04 17:10:36,KAIOBLACK,"R$ 10,62"
538,Pacote 50 Lances,2021-12-04 15:00:00,2021-12-04 15:39:04,johnnypet96,"R$ 5,54"
539,Mesa para Notebook,2021-12-04 14:00:00,2021-12-04 14:04:08,alynsr00,"R$ 0,78"
540,IPhone 13 Pro,2021-12-04 10:00:00,2021-12-04 14:03:44,Clauberth1,"R$ 29,50"
541,Pacote 100 Lances,2021-12-04 12:00:00,2021-12-04 12:11:42,Rehnanimportação,"R$ 2,10"
542,Apple Watch Series,2021-12-04 11:00:00,2021-12-04 11:11:33,LiderBTC,"R$ 2,11"
543,Bicicleta Aro 29,2021-12-04 08:00:00,2021-12-04 09:59:21,Já volto,"R$ 13,38"
544,Pacote 50 Lances,2021-12-04 09:00:00,2021-12-04 09:08:15,Roge_acco,"R$ 1,27"
545,Bicicleta Ergométrica Polimet,2021-12-04 07:00:00,2021-12-04 07:14:37,VACINADO,"R$ 1,50"
546,A Intel Core,2021-12-03 22:00:00,2021-12-04 06:22:16,Pecorino,"R$ 40,08"
547,Pacote 50 Lances,2021-12-04 06:00:00,2021-12-04 06:06:50,Fofocruz,"R$ 1,03"
548,IPhone 13 Pro,2021-12-02 10:00:00,2021-12-04 04:29:56,email,"R$ 248,56"
549,Pacote 100 Lances,2021-12-03 23:00:00,2021-12-03 23:03:10,email,"R$ 0,90"
550,Patinete Elétrico Maj,2021-12-03 20:00:00,2021-12-03 22:36:57,email,"R$ 15,24"
551,Pacote 100 Lances,2021-12-03 21:00:00,2021-12-03 22:36:16,JBruno57,"R$ 15,04"
552,Caixa de Som,2021-12-03 19:30:00,2021-12-03 22:28:58,RussoM,"R$ 17,10"
553,Lava E Seca,2021-12-03 20:30:00,2021-12-03 21:53:31,waltz221,"R$ 8,86"
554,Chaise Hungria Trama,2021-12-03 17:00:00,2021-12-03 20:35:04,TEOTÔNIO,"R$ 17,44"
555,Smart TV LED,2021-12-03 16:00:00,2021-12-03 20:29:40,Deila_Costa_EUA,"R$ 27,94"
556,iPad Air 10,2021-12-03 19:00:00,2021-12-03 19:32:30,vitacir.campeão,"R$ 3,94"
557,Pacote 50 Lances,2021-12-03 18:00:00,2021-12-03 18:02:38,sergiosfigueira,"R$ 0,87"
558,IPhone 13 Pro,2021-12-03 10:00:00,2021-12-03 17:43:14,f.panigassi,"R$ 47,41"
559,Notebook Dell Core,2021-12-03 14:00:00,2021-12-03 16:43:03,Larissagabi21,"R$ 20,71"
560,Pacote 50 Lances,2021-12-03 15:00:00,2021-12-03 15:57:08,AndreLuiz41,"R$ 7,06"
561,Refrigerador Brastemp Frost,2021-12-03 13:00:00,2021-12-03 14:13:02,cadumusic,"R$ 9,78"
562,Pacote 100 Lances,2021-12-03 12:00:00,2021-12-03 12:54:16,email,"R$ 7,59"
563,5 Digital Edition,2021-12-03 11:00:00,2021-12-03 12:35:01,vhugoss,"R$ 11,40"
564,Pacote 50 Lances,2021-12-03 09:00:00,2021-12-03 09:16:00,titariva,"R$ 2,39"
565,PIX de 1.000,2021-12-03 08:00:00,2021-12-03 08:11:27,Heitoralphaville,"R$ 3,41"
566,GoPro HERO 9,2021-12-03 07:00:00,2021-12-03 07:30:57,Heitoralphaville,"R$ 3,00"
567,Pacote 50 Lances,2021-12-03 06:00:00,2021-12-03 06:18:13,p_henrique.r,"R$ 2,32"
568,Câmera Insta360 One,2021-12-02 07:00:00,2021-12-03 05:13:03,leonel_ram_ms,"R$ 115,39"
569,iPad Air 10,2021-12-02 13:00:00,2021-12-03 03:35:30,Alcides Marin,"R$ 72,19"
570,MacBook Air Intel,2021-12-02 22:00:00,2021-12-03 00:43:09,Heitoralphaville,"R$ 15,79"
571,5 Polegadas Vermelho,2021-12-02 20:30:00,2021-12-02 23:54:26,Heitoralphaville,"R$ 17,19"
572,Pacote 100 Lances,2021-12-02 23:00:00,2021-12-02 23:06:44,DoReMi,"R$ 1,44"
573,Drone Multilaser Eagle,2021-12-02 20:00:00,2021-12-02 22:48:10,Heitoralphaville,"R$ 15,78"
574,PIX de 500,2021-12-02 19:00:00,2021-12-02 22:36:41,Heitoralphaville,"R$ 23,07"
575,Pacote 100 Lances,2021-12-02 21:00:00,2021-12-02 21:06:39,email,"R$ 1,27"
576,Caixa de Som,2021-12-02 19:30:00,2021-12-02 19:48:58,email,"R$ 2,59"
577,Pacote 50 Lances,2021-12-02 18:00:00,2021-12-02 18:15:42,MOISEISEKAIO,"R$ 2,34"
578,Smart TV 75,2021-12-02 16:00:00,2021-12-02 17:30:57,Guto_Ferrer,"R$ 14,78"
579,f15 core i7,2021-12-02 17:00:00,2021-12-02 17:10:21,val....,"R$ 4,12"
580,Apple Watch Series,2021-12-02 11:00:00,2021-12-02 16:28:31,@tony.co,"R$ 29,66"
581,Pacote 50 Lances,2021-12-02 15:00:00,2021-12-02 15:26:03,linklink3,"R$ 3,96"
582,Kit Carregador Iphone,2021-12-02 14:00:00,2021-12-02 14:02:58,Ruancarvalho,"R$ 0,78"
583,Pacote 100 Lances,2021-12-02 12:00:00,2021-12-02 12:51:25,audacioso267,"R$ 6,57"
584,Pacote 50 Lances,2021-12-02 09:00:00,2021-12-02 09:09:38,João Pedro Pimentel,"R$ 1,66"
585,Smart TV Led,2021-12-02 08:00:00,2021-12-02 08:32:40,inovart,"R$ 4,93"
586,Pacote 50 Lances,2021-12-02 06:00:00,2021-12-02 06:36:03,Hjrocha,"R$ 4,11"
587,Refrigerador Brastemp Frost,2021-12-01 17:00:00,2021-12-02 06:19:03,Papelariadavila,"R$ 79,86"
